Nombre,Correo Electronico,Telefono
Druci Molineux,jgarran@omnylabs.com,4936402682
Norene Stainsby,nstainsby1@pbs.org,9453709473
Patrizio Gravells,pgravells2@amazon.com,7235911612
Annissa Darell,adarell3@tiny.cc,7798050359
Travus Juggins,tjuggins4@smugmug.com,5328144229
Brennan Scripps,bscripps5@ebay.com,6326255520
Grange Treharne,gtreharne6@unicef.org,5852844859
Merry Gogarty,mgogarty7@nature.com,5505637459
Egon Slate,eslate8@virginia.edu,8821884115
Nannette Dunstan,ndunstan9@mapy.cz,3714144430
Reiko Fetteplace,rfetteplacea@technorati.com,8086834927
Krishna Kondratyuk,kkondratyukb@unc.edu,8129498258
Ninnette Warr,nwarrc@prnewswire.com,3453300472
Sioux Icom,sicomd@skype.com,7002012624
Park Pentycost,ppentycoste@is.gd,9343785672
Jeromy Jovis,jjovisf@squidoo.com,7974522738
Pierrette Schaumaker,,8159003636
Rosamond Asquith,rasquithh@nature.com,1799625207
Kalinda Harome,kharomei@cnbc.com,7979003765
Stacie Delf,sdelfj@alibaba.com,6201898442
Phillipe Agates,pagatesk@earthlink.net,1349857035
Tessy Keri,tkeril@taobao.com,6326255520
Abner Fawltey,afawlteym@imdb.com,9591505353
Brigham Capozzi,bcapozzin@shop-pro.jp,8676471450
Forester Pengilly,fpengillyo@cargocollective.com,4136364261
Conant Buckingham,cbuckinghamp@stanford.edu,6282457757
Orella McGillecole,omcgillecoleq@house.gov,3428717979
Skipton Roglieri,sroglierir@studiopress.com,4036659841
Linette Regglar,lregglars@wisc.edu,3063351436
Tallou Roger,trogert@fc2.com,4989903764
Culley Saylor,csayloru@yelp.com,4211637374
Lezley Soppit,lsoppitv@webmd.com,7618456123
Ravi Kauschke,rkauschkew@bloglovin.com,3302403652
Maggee Killimister,mkillimisterx@hexun.com,6326255520
Jobye Pantry,jpantryy@joomla.org,8815461213
Zia Withur,zwithurz@purevolume.com,5542780181
Jennica Wigsell,jwigsell10@dropbox.com,2337643003
Alysia Burd,aburd11@cdbaby.com,5824372436
Julietta Hackelton,jhackelton12@imdb.com,5485110952
Crysta Tomson,ctomson13@photobucket.com,8281605491
Nicol Gonoude,jgarran@omnylabs.com,8739131558
Dunc Lintin,dlintin15@bizjournals.com,7656761446
Dee Czaja,dczaja16@sphinn.com,6505336712
Greer Ramberg,gramberg17@clickbank.net,5278980095
Hersh Ainsby,hainsby18@drupal.org,5331180282
Laryssa Tweedle,ltweedle19@ebay.com,2132842249
Xaviera Amorine,xamorine1a@usda.gov,5902985917
Kerwin Nussen,knussen1b@wp.com,8398684325
Henka Matson,mbergeau1c@mac.com,7052908922
Gardiner Burchatt,gburchatt1d@ted.com,6326255520
Stillman Benneton,sbenneton1e@yellowbook.com,6286854635
Kris Pellington,kpellington1f@feedburner.com,1159372161
Zoe Peasegod,zpeasegod1g@skyrock.com,4428348721
Hastings Gundrey,hgundrey1h@answers.com,5652643645
Robinette Spackman,rspackman1i@sohu.com,7722522431
Jarrid Haily,jhaily1j@yolasite.com,4463048514
Noah Haney`,nhaney1k@liveinternet.ru,4823159288
Cristie Down,cdown1l@earthlink.net,2731068930
Gael Fulks,jgarran@omnylabs.com,8528445229
Dunstan Zmitrovich,dzmitrovich1n@ebay.com,3613728256
Garrik Sextone,gsextone1o@marriott.com,5457944619
Mirabelle Conwell,mconwell1p@woothemes.com,3523586477
Henka Matson,cmckinlay1q@free.fr,7364016900
Esmaria Caldeiro,ecaldeiro1r@craigslist.org,4501628700
Gherardo Stanmer,gstanmer1s@miitbeian.gov.cn,6684891777
Alejandra Llop,allop1t@symantec.com,2617499423
Kellia Instock,kinstock1u@jugem.jp,3593204423
Mackenzie Parmby,mparmby1v@businessinsider.com,9137465314
Evy Rushton,erushton1w@marketwatch.com,9353122288
Adiana Linsey,alinsey1x@cam.ac.uk,7206525140
Michelle Destouche,mdestouche1y@ted.com,3951888625
Stevana Petracci,spetracci1z@unicef.org,9138823788
Ulises Mordey,umordey20@merriam-webster.com,3422407148
Gonzales Parramore,gparramore21@tuttocitta.it,2119489909
Sanford Tooker,stooker22@lulu.com,6205345949
Gery Franceschino,gfranceschino23@exblog.jp,8419950100
Brendan Playfoot,johngarran@kai.com,9679947607
Diane-marie Lohoar,dlohoar25@linkedin.com,3002845672
Cara Penhalurick,cpenhalurick26@webs.com,4483874844
Agretha Akester,aakester27@vistaprint.com,4058526485
Vivi Theunissen,vtheunissen28@deliciousdays.com,9173131369
Sonnie Kiebes,skiebes29@ox.ac.uk,6956537616
Henka Matson,lvaisey2a@pcworld.com,3648103883
Alex Gatheral,agatheral2b@cargocollective.com,5037673449
Jenica Leyes,jleyes2c@pen.io,9796140750
Beverlee Blazevic,bblazevic2d@epa.gov,2259096729
Augie Awton,aawton2e@geocities.jp,1377397056
Emmalyn Wemm,ewemm2f@issuu.com,9502021302
Darwin Pineaux,jgarran@omnylabs.com,3368364494
Lon Batrop,lbatrop2h@unblog.fr,2847656620
Rodge Marle,rmarle2i@liveinternet.ru,9284399604
Darlleen Dybbe,ddybbe2j@ehow.com,3697291297
Willard Gilroy,wgilroy2k@creativecommons.org,8399387101
Antony Chue,achue2l@nymag.com,1065413372
Willem Bleackley,wbleackley2m@answers.com,1509124851
Casper Shrieve,cshrieve2n@mlb.com,5599106385
Esme McCaghan,emccaghan2o@paypal.com,8281605491
Travers Moreing,tmoreing2p@geocities.jp,2495628732
Rosette Wychard,rwychard2q@businesswire.com,5623451962
Walsh Vallentin,wvallentin2r@hugedomains.com,1773348577
Morgan Zamorrano,mzamorrano2s@hp.com,8281605491
Tammi Habert,thabert2t@deliciousdays.com,9936243010
Hilary Warfield,hwarfield2u@t-online.de,1894568534
Gannie Woollhead,gwoollhead2v@pagesperso-orange.fr,3643127472
Myriam Impy,mimpy2w@t.co,1323059319
Granville Tendahl,gtendahl2x@washingtonpost.com,2931545612
Gwenny Drennan,gdrennan2y@nifty.com,9888526327
Royall Ridley,rridley2z@answers.com,6944091046
Corissa Heavyside,cheavyside30@acquirethisname.com,9515595288
Tally Grebert,jgarran@omnylabs.com,9574293343
Averil Pierce,apierce32@51.la,7324195227
Henka Matson,hmatson33@smh.com.au,5214877180
Royall Lintin,rlintin34@cnbc.com,2511543395
Remington Ardley,rardley35@aboutads.info,6082483516
Rickard Rosenthal,rrosenthal36@cmu.edu,3887044520
Niki Hubbert,nhubbert37@newsvine.com,1208722598
Ruttger Borghese,rborghese38@friendfeed.com,2129796672
Muffin Fraulo,mfraulo39@about.me,9772037231
Maxie Hewins,mhewins3a@fda.gov,4493729459
Chancey Antonopoulos,cantonopoulos3b@vistaprint.com,2128641280
Lisha Shalloe,lshalloe3c@wikipedia.org,5706762320
Mirilla Simunek,msimunek3d@g.co,3761782713
Esteban Hanbidge,ehanbidge3e@oracle.com,8801607614
Bernita Garbott,bgarbott3f@hud.gov,3714120572
Adolphe Mourant,amourant3g@drupal.org,6673255102
Claude Curthoys,ccurthoys3h@globo.com,8278696605
Garold Tattoo,gtattoo3i@livejournal.com,6209174056
Harlin MacDougall,hmacdougall3j@w3.org,5209236488
Minnaminnie Drivers,mdrivers3k@hatena.ne.jp,8281605491
Adrian Goulding,agoulding3l@techcrunch.com,3671757133
Jasun Martina,jmartina3m@qq.com,9124851585
Carie Radolf,cradolf3n@globo.com,2861626685
Amelita Roth,jgarran@omnylabs.com,7185322941
Essa Halfhead,ehalfhead3p@npr.org,2573222666
Vernen Pounds,vpounds3q@tiny.cc,6773204822
Mel Kinnon,mkinnon3r@geocities.com,1566984194
Orazio Bennit,obennit3s@drupal.org,6497435462
Corabelle Bourthouloume,cbourthouloume3t@drupal.org,6083320461
Wesley Buckleigh,wbuckleigh3u@indiegogo.com,8908916185
Pancho Arminger,parminger3v@facebook.com,9494361333
Jens Scala,jscala3w@blogtalkradio.com,4168440675
Udale Guitonneau,uguitonneau3x@mlb.com,2336200295
Farrand Pahlsson,fpahlsson3y@technorati.com,2026802406
Shannon Potteridge,spotteridge3z@theatlantic.com,1088750393
Hyatt Plewes,hplewes40@ifeng.com,4574197738
Damien Emlyn,demlyn41@latimes.com,8242090735
Ian Cuddy,icuddy42@vimeo.com,5537692086
Kordula Tuckwood,ktuckwood43@china.com.cn,5589714384
Tabby Cullingworth,tcullingworth44@shutterfly.com,3478683944
Oneida Sleight,osleight45@abc.net.au,9644941217
Felicia Adney,fadney46@wired.com,5765605601
Bettina Cervantes,jgarran@omnylabs.com,7819487830
Nicholas Lattimer,nlattimer48@goodreads.com,3879654161
Kacey Edghinn,kedghinn49@fda.gov,5471022587
Toinette Puckey,tpuckey4a@istockphoto.com,7032701184
Alameda Chater,achater4b@cocolog-nifty.com,4337385186
Sheridan Rouch,srouch4c@lulu.com,2398614898
Tiff Hardeman,johngarran@kai.com,1744357807
Dougy Craigheid,dcraigheid4e@vimeo.com,4587797126
Nichols Loble,nloble4f@gnu.org,8328287871
Lauren Pauletto,lpauletto4g@youku.com,7563864302
Letty Scinelli,lscinelli4h@ftc.gov,5701787840
Montague Letts,mletts4i@flickr.com,1444616619
Dur Dalley,ddalley4j@jalbum.net,6185802476
Pen Trumper,ptrumper4k@ebay.com,3797979317
Jena Kidstoun,jkidstoun4l@noaa.gov,5674255613
Cindy Blanko,cblanko4m@addthis.com,7252242794
Bernhard Godain,bgodain4n@1und1.de,8682542475
Aubert Dominka,adominka4o@nydailynews.com,9083178243
Jone Kenford,jkenford4p@washington.edu,3928912965
Christabel Richt,cricht4q@google.co.jp,9225276894
Scott Lie,slie4r@prweb.com,1533461309
Fae Dutton,fdutton4s@instagram.com,8919934401
Cinda Lowbridge,clowbridge4t@etsy.com,8968618946
Philly Schenkel,pschenkel4u@washingtonpost.com,4169198217
Scotty Liebermann,sliebermann4v@abc.net.au,6665005295
Minta Zimmerman,mzimmerman4w@rakuten.co.jp,4086617084
Pam Dotson,pdotson4x@wikimedia.org,3076271144
Jerrome Upton,jupton4y@opera.com,8958585521
Elladine Kingscott,ekingscott4z@blog.com,4166326430
Bennett Hawford,bhawford50@rediff.com,2734521449
Benni Pontain,bpontain51@deliciousdays.com,8308148343
Alastair Yousef,jgarran@omnylabs.com,3256473594
Hynda Walburn,hwalburn53@alibaba.com,7523000180
Huntington Adamo,hadamo54@hubpages.com,4947561829
Tilly Platfoot,tplatfoot55@fotki.com,5132138866
Wendall Spittal,wspittal56@scribd.com,8164237375
Sherlocke Stancer,sstancer57@freewebs.com,5361722545
Alis Slessar,aslessar58@mayoclinic.com,4691042686
Pietra Kneller,pkneller59@cdbaby.com,7623560235
Marlo Weathers,mweathers5a@networkadvertising.org,3569700608
Morgen Jolliman,mjolliman5b@bravesites.com,3584739872
Yolanthe Nevitt,ynevitt5c@go.com,9454945018
Kandace McPeck,kmcpeck5d@theatlantic.com,4927308275
Rosemonde Climance,rclimance5e@myspace.com,5055515655
Becky Kohler,bkohler5f@stanford.edu,7941416840
Adolpho Foulser,afoulser5g@umn.edu,1644004558
Jeniece Bloschke,jbloschke5h@pagesperso-orange.fr,6662350989
Remy O'Reilly,roreilly5i@nih.gov,2081680770
Cooper Phelps,cphelps5j@google.com.br,9501647875
Kylie Tebbitt,ktebbitt5k@prnewswire.com,3289072731
Willey Drysdale,wdrysdale5l@joomla.org,6015570894
Jayme Markussen,jmarkussen5m@naver.com,3756002559
Charline Jain,cjain5n@eepurl.com,1033514191
Reider Cullip,rcullip5o@cargocollective.com,3481262538
Aharon Klimontovich,aklimontovich5p@engadget.com,7832680683
Abe Mobbs,amobbs5q@nhs.uk,6867468702
Drusilla Dunbobbin,ddunbobbin5r@nih.gov,3416753074
Chelsie Lightbowne,clightbowne5s@businessinsider.com,3346616380
Donna Larkin,dlarkin5t@wordpress.org,5337178116
Filberte Peakman,fpeakman5u@kickstarter.com,2759660076
Osbert Wenzel,owenzel5v@senate.gov,2243052904
Antonino Marlon,amarlon5w@dailymotion.com,9177438113
Everard McMichell,emcmichell5x@youtu.be,9948538118
Asia Circuitt,acircuitt5y@hc360.com,3037695355
Dallon Breinlein,dbreinlein5z@microsoft.com,7218473313
Carolina Summerhayes,csummerhayes60@freewebs.com,5712571898
Cherilyn Abramowitch,cabramowitch61@newsvine.com,6055995805
Currie Hynd,chynd62@omniture.com,6521222625
Wilt Brimblecombe,wbrimblecombe63@uiuc.edu,1285307039
Cindi Musto,cmusto64@weebly.com,4885905629
Jacenta Lenard,jlenard65@google.com.hk,5177521253
Kane Marron,kmarron66@elpais.com,9747119686
Hadrian Kynson,hkynson67@elegantthemes.com,4284877382
Templeton Northill,tnorthill68@sciencedaily.com,3175473215
Inna Varndell,ivarndell69@nih.gov,7338874630
Brad Temprell,btemprell6a@discovery.com,5381590740
Mabelle Berrisford,mberrisford6b@de.vu,4142787113
Katuscha Grigg,kgrigg6c@home.pl,1324997251
Arlen Clayden,aclayden6d@spiegel.de,5127060978
Glenda Deeley,gdeeley6e@uol.com.br,5002279712
Melinda Kluss,mkluss6f@i2i.jp,5261453580
Marianna Hannigane,mhannigane6g@github.io,9065178080
Abie Umney,aumney6h@istockphoto.com,4901766172
Brnaby Ferens,bferens6i@acquirethisname.com,8089109915
Arnaldo Kynnd,akynnd6j@behance.net,7434231762
Humberto Valiant,hvaliant6k@prweb.com,8771299308
Denny Churm,dchurm6l@sakura.ne.jp,1617981983
Tobin Dumblton,tdumblton6m@goo.gl,2112293113
Patsy Fraczkiewicz,pfraczkiewicz6n@tinyurl.com,1513903021
Candide Causbey,ccausbey6o@cbc.ca,6054826881
Marne Coggon,mcoggon6p@slate.com,8289638172
Hali Parres,hparres6q@youtu.be,6253685413
Aaren Tilt,atilt6r@ebay.com,2707935469
Luther Catterill,lcatterill6s@sogou.com,1617122505
Ines Lillie,ilillie6t@jalbum.net,2694716392
Claus Selman,cselman6u@php.net,1633875159
Darby Gregoriou,dgregoriou6v@desdev.cn,2896018745
Sutherlan Leehane,sleehane6w@odnoklassniki.ru,3972905080
Karel Lutty,klutty6x@smugmug.com,5013918270
Bordy Gallafant,bgallafant6y@twitter.com,3236159037
Davita Eastby,deastby6z@cornell.edu,7838776366
Hillary Bartelet,hbartelet70@altervista.org,5758093653
Jenine Lintill,jlintill71@washingtonpost.com,4162332713
Barby Fitzgerald,bfitzgerald72@utexas.edu,1202415572
Callean Hakking,chakking73@bravesites.com,2183805980
Nicolea Haresnape,nharesnape74@dion.ne.jp,5678390304
Elsi Noel,enoel75@dailymotion.com,6318625391
Lexine Tripney,ltripney76@accuweather.com,3836142548
Suzann Ellul,sellul77@china.com.cn,5525480943
Gertrudis Dunsmore,gdunsmore78@hhs.gov,3325415346
Ezmeralda Webland,ewebland79@networksolutions.com,1582180699
Finlay Creany,fcreany7a@virginia.edu,1432079526
Christabel Demongeot,cdemongeot7b@ed.gov,3789186195
Lionello Polkinhorn,lpolkinhorn7c@who.int,1481864174
Pen Dincey,pdincey7d@slashdot.org,9905532940
Milissent Aiston,johngarran@kai.com,1279010384
Ade Kinsett,akinsett7f@google.cn,4915122293
Gayler Terram,gterram7g@alibaba.com,6288772107
Daren Blevin,dblevin7h@fema.gov,9292274647
Rene Soda,rsoda7i@sciencedaily.com,2393912885
Veda Perrinchief,vperrinchief7j@indiatimes.com,3733596511
Adrian Panyer,apanyer7k@desdev.cn,4949321192
Karlik Kubicka,kkubicka7l@altervista.org,5208724457
Joellen Windless,jwindless7m@de.vu,6778197016
Shurlock Snoden,ssnoden7n@so-net.ne.jp,2637295573
Isabeau Vaines,ivaines7o@cargocollective.com,7603577526
Meredith Fattore,mfattore7p@ebay.co.uk,6375978493
Keane Lathe,klathe7q@desdev.cn,3276497463
Massimo Johl,mjohl7r@guardian.co.uk,8564202268
Bond Minchindon,bminchindon7s@hp.com,8663554276
Lisette Roglieri,lroglieri7t@google.com.hk,3691610127
Nicko Pandya,npandya7u@meetup.com,5618167273
Rosabel Farnill,rfarnill7v@php.net,8852339930
Blair Malec,bmalec7w@sun.com,7515193939
Levi Hardwell,lhardwell7x@earthlink.net,5411886151
Angil Duffell,aduffell7y@wsj.com,1087280544
Jeremiah Saiz,jsaiz7z@tiny.cc,3427888679
Bartlet Vreede,bvreede80@hugedomains.com,2587863559
Blayne Proudley,bproudley81@netlog.com,4677180494
Jephthah Hallan,jhallan82@utexas.edu,2854467358
Giacobo Ruslin,gruslin83@nasa.gov,7302778968
Jacky Messager,jmessager84@europa.eu,3959527166
Conan Colquyte,ccolquyte85@naver.com,85462288437
Donn Culcheth,dculcheth86@dot.gov,5755119283
Reilly Petrillo,rpetrillo87@thetimes.co.uk,3048453237
Kirsteni Blackborow,kblackborow88@aboutads.info,3068568715
Roman Kempe,rkempe89@gnu.org,6888140044
Cathyleen Conyer,cconyer8a@ameblo.jp,9336556901
Malinda Colnet,mcolnet8b@shutterfly.com,5686027141
Caz Nealand,cnealand8c@washington.edu,27486645616
Lonnie Gowdridge,lgowdridge8d@xing.com,1504357505
Lammond Beames,lbeames8e@unc.edu,2466765813
Alisa Mence,amence8f@census.gov,3775299736
Beckie Fownes,bfownes8g@51.la,8739441488
Harlen Zeal,hzeal8h@icio.us,5362968481
Abbey Cotta,acotta8i@amazon.com,9433498125
Ingaberg Yurchenko,iyurchenko8j@pen.io,8354785730
Daniella Murray,dmurray8k@whitehouse.gov,7951687668
Torrence Michelin,tmichelin8l@sphinn.com,7919533646
Modestia Gritsunov,mgritsunov8m@hostgator.com,8205126822
Karl Stockle,kstockle8n@columbia.edu,4753982011
Berton Langworthy,blangworthy8o@wikia.com,6071389761
Burnaby Harmond,bharmond8p@angelfire.com,4755312513
Otes Ludwikiewicz,oludwikiewicz8q@constantcontact.com,8409720040
Natalina Sherrard,nsherrard8r@wikia.com,4439255476
Dougy Elam,delam8s@vimeo.com,2041131121
Margalo Langfitt,mlangfitt8t@wired.com,3498439856
Kellen Shakesby,kshakesby8u@theatlantic.com,9798443786
Delaney Annets,dannets8v@usnews.com,9073239758
Gianni Carnduff,gcarnduff8w@google.com.br,8157427826
Anneliese Isack,aisack8x@cmu.edu,9122319263
Stephannie Domengue,sdomengue8y@godaddy.com,7475938653
Alejandro Gueinn,agueinn8z@shinystat.com,1668966965
Marcelo Furby,mfurby90@sourceforge.net,3215292493
Bald Ruskin,bruskin91@rakuten.co.jp,5667342128
Genevra Cookes,gcookes92@umich.edu,6075560924
Aldus Strowger,astrowger93@tmall.com,3528379464
Teddy Kuschke,tkuschke94@blogtalkradio.com,2898012179
Reta Bridgland,rbridgland95@dagondesign.com,6071487791
Farley Pyrah,fpyrah96@cbc.ca,5159384381
Chet Ibbs,cibbs97@upenn.edu,1449546952
Bearnard Shallcross,bshallcross98@netvibes.com,2242783147
Nicky Mashal,nmashal99@gnu.org,1412584897
Linet Boakes,lboakes9a@fastcompany.com,3841498073
Hedwig Tamas,htamas9b@hugedomains.com,1557139719
Walliw Coatsworth,wcoatsworth9c@noaa.gov,2262250166
Quent Cometto,qcometto9d@cnbc.com,8295747597
Keely Drewett,kdrewett9e@theguardian.com,8155244108
Abby Wickie,awickie9f@chicagotribune.com,3895612021
Boyd Pears,bpears9g@123-reg.co.uk,5706481547
Hildegaard Beane,hbeane9h@sfgate.com,6735617824
Godfry Morat,gmorat9i@ebay.co.uk,9445573052
Lionel Keynes,lkeynes9j@xrea.com,5324130239
Vanya Ropkes,vropkes9k@seattletimes.com,7064142224
Diana Jumonet,johngarran@kai.com,3908316966
Ariel Llorens,allorens9m@pen.io,8077540688
Rodrigo Gallelli,rgallelli9n@cbsnews.com,5883600967
Blinnie Crafts,bcrafts9o@gmpg.org,1656390921
Antons Moriarty,amoriarty9p@tinyurl.com,5626429733
Hanni Koschke,hkoschke9q@skype.com,8556391661
Dougy Renhard,drenhard9r@last.fm,4028916421
Yale Smewing,ysmewing9s@slate.com,2443938696
Tracie Manolov,tmanolov9t@ovh.net,20563123465
Lanny Steuart,lsteuart9u@deliciousdays.com,2989421407
Ilyssa Catenot,icatenot9v@is.gd,1474675606
Jayson Wisden,jwisden9w@ox.ac.uk,6323356234
Riane Durnell,rdurnell9x@infoseek.co.jp,2449086132
Catherine Creech,ccreech9y@rediff.com,9231727072
Chas Carrol,ccarrol9z@ifeng.com,2752760066
Yorgos Greatland,ygreatlanda0@usnews.com,9476061044
Dell Greenhowe,dgreenhowea1@github.io,2432099376
Fawnia Isgar,fisgara2@sourceforge.net,8619135369
Elbert Allaker,eallakera3@51.la,2568533990
Fonz Beefon,fbeefona4@ucoz.ru,6456842340
Amelia Trayling,atraylinga5@storify.com,4888744992
Rosana Bailey,rbaileya6@sfgate.com,1669056418
Estella Ivoshin,eivoshina7@google.es,1101822078
Thelma Castanares,tcastanaresa8@liveinternet.ru,4416995070
Robbi Basham,rbashama9@weebly.com,4484597397
Gail Hitcham,ghitchamaa@bloglovin.com,9695955065
Horst Bees,hbeesab@studiopress.com,2828003747
Corry Nordass,cnordassac@mlb.com,86679854695
Jane Dalrymple,jdalrymplead@gizmodo.com,4966461398
Mathew Harnett,mharnettae@washington.edu,3863295996
Theo Finn,tfinnaf@ebay.co.uk,2768792425
Steve Click,sclickag@e-recht24.de,1824074013
Garv Humber,ghumberah@oaic.gov.au,6176867635
Ivor Salisbury,isalisburyai@sourceforge.net,5673508215
Aryn Kopta,akoptaaj@photobucket.com,8326035017
Reid Diddams,rdiddamsak@harvard.edu,3761938780
Chalmers Fotheringham,cfotheringhamal@over-blog.com,1824955470
Margy Tough,mtougham@un.org,9368128731
Celeste Beaumont,cbeaumontan@hatena.ne.jp,3576276683
Ava Haimes,ahaimesao@wordpress.org,2742805957
Sheba Flook,sflookap@zimbio.com,6345067948
Nicolea Rammell,nrammellaq@army.mil,9194680998
Nelson Agent,nagentar@comcast.net,2234811869
Phineas Pawlaczyk,ppawlaczykas@newsvine.com,8242059563
Ricky Delos,rdelosat@lycos.com,4711072870
Candy Stickells,cstickellsau@google.cn,2781233311
Paloma Vlasenkov,pvlasenkovav@woothemes.com,4845089840
Gerry Lokier,glokieraw@yandex.ru,2216971598
Maurine Myring,mmyringax@vimeo.com,7159283538
Katti Northage,knorthageay@google.com.au,2429466681
Michele Emlin,memlinaz@imageshack.us,9523085894
Bess Goodey,bgoodeyb0@youtu.be,6921197977
Hannah Beaze,hbeazeb1@moonfruit.com,8699251958
Odilia Oppy,ooppyb2@reverbnation.com,1413503848
Bobette Treadaway,btreadawayb3@yahoo.com,4723572431
Oren Melior,omeliorb4@hao123.com,1947295724
Layton Prandini,lprandinib5@adobe.com,3352446943
Nicolette Currer,ncurrerb6@drupal.org,6081798412
Didi Chislett,dchislettb7@google.fr,8078857040
Shanon Stienton,sstientonb8@unesco.org,1194343193
Bryan Pole,bpoleb9@hexun.com,4315098270
Sheila-kathryn Whenman,swhenmanba@census.gov,8598455055
Marnie Siderfin,msiderfinbb@boston.com,3579718549
Nelia Grafom,ngrafombc@sitemeter.com,6684911841
Tabby Stopford,tstopfordbd@sohu.com,25577354543
Aleta Saffin,asaffinbe@gnu.org,8848797879
Malynda Wickrath,mwickrathbf@51.la,5172441390
Dacey de Castelain,ddebg@yandex.ru,5669031061
Cloris Chessell,cchessellbh@prweb.com,4549236540
Josee Bleakley,jbleakleybi@netscape.com,2924441555
Sinclair Doggrell,sdoggrellbj@google.pl,1148310125
Jewelle Surgeoner,jsurgeonerbk@tripadvisor.com,9152359260
Fonzie Bonanno,fbonannobl@hexun.com,8939309398
Rancell Parlett,rparlettbm@nature.com,5054317846
Eleanora Aries,eariesbn@instagram.com,3626729579
Harriet Gartside,hgartsidebo@bravesites.com,3746909594
Danny Malyon,dmalyonbp@buzzfeed.com,7267739140
Nilson Alaway,nalawaybq@smugmug.com,6789157532
Pammy Taffs,ptaffsbr@csmonitor.com,8144521795
Myrlene Basili,mbasilibs@wikia.com,8364087045
Franciskus Pellington,fpellingtonbt@devhub.com,3098058790
Orly Pallent,opallentbu@myspace.com,6886630745
Koo McEachern,kmceachernbv@opera.com,9986921564
Alysia Whitehall,awhitehallbw@wunderground.com,1982639537
Torr Habin,thabinbx@nih.gov,6753780502
Sindee Discombe,sdiscombeby@mozilla.org,2079530531
Willi Lawman,wlawmanbz@google.nl,1134716232
Sibella Patek,spatekc0@accuweather.com,3139460316
Adolf Nethercott,anethercottc1@trellian.com,4875546426
Agnesse O'Donohue,aodonohuec2@youku.com,4529959465
Shellysheldon Jagoe,sjagoec3@diigo.com,6767183083
Kym Smedmore,ksmedmorec4@ed.gov,3128768659
Yorgo Hissie,yhissiec5@pinterest.com,8177490432
Jamison Darrigrand,jdarrigrandc6@over-blog.com,1038797481
Mellisent Cottom,mcottomc7@nps.gov,2498207408
Iolanthe Whorall,iwhorallc8@upenn.edu,9721245971
Yevette Wadhams,ywadhamsc9@soundcloud.com,6731967823
Netti Ketts,nkettsca@hexun.com,3784178323
Sansone Niesegen,sniesegencb@networksolutions.com,5184309666
Lanny Juschke,ljuschkecc@ustream.tv,2364102073
Tera Pentercost,tpentercostcd@gov.uk,5155218371
Hans Eby,hebyce@delicious.com,5288023852
Grant Paice,gpaicecf@angelfire.com,51881697622
Murielle McGifford,mmcgiffordcg@typepad.com,6697950590
Margaret Wildber,mwildberch@cargocollective.com,8301302277
Laney Chipp,lchippci@tamu.edu,5783357600
Jaye Skitt,jskittcj@chron.com,2738638302
Meghan Mabone,mmaboneck@noaa.gov,9064861246
Donnamarie Zorro,dzorrocl@wp.com,7908083045
Louie Brotherhead,lbrotherheadcm@house.gov,4682229815
Ervin Housaman,ehousamancn@gmpg.org,1119051903
Lurleen Titta,ltittaco@yelp.com,2911740819
Cloe Lumsdaine,clumsdainecp@guardian.co.uk,7118407549
Gene O'Fergus,goferguscq@hc360.com,6842605514
Diannne Edscer,dedscercr@gmpg.org,1906102159
Elizabet Origin,eorigincs@histats.com,1325871576
Moshe Drinkwater,mdrinkwaterct@wisc.edu,3915947365
Bette Rivitt,brivittcu@friendfeed.com,9376598281
Jermaine Jimeno,jjimenocv@alexa.com,3747357031
Merrill Kilgallen,mkilgallencw@nih.gov,1206142190
Rosemonde Madner,rmadnercx@craigslist.org,7267502131
Else Seamen,eseamency@github.io,9584616493
Albert McKinstry,johngarran@kai.com,9708537592
Nedi Houlworth,nhoulworthd0@paginegialle.it,4559806712
Ange Sayce,asayced1@pen.io,2021479087
Wynne Reddington,wreddingtond2@comcast.net,2524416683
Rusty Minster,rminsterd3@theatlantic.com,8551790305
Patty Pashba,ppashbad4@psu.edu,4825339189
Bree Coggins,bcogginsd5@gnu.org,4993708876
Tonya Leith,tleithd6@parallels.com,7464967145
Wilton Stevings,wstevingsd7@amazon.de,7441074080
Debee de Nore,johngarran@kai.com,4231557676
Valaree Teek,vteekd9@dot.gov,2732696831
Ruthi Leyborne,rleyborneda@yale.edu,6477016540
Dane Tait,dtaitdb@dropbox.com,2692675153
Dagny Reilinger,dreilingerdc@themeforest.net,6131501711
Elva Jentges,ejentgesdd@acquirethisname.com,59884291052
Lila Mathwen,lmathwende@omniture.com,2242172699
Ronnie Behnke,rbehnkedf@acquirethisname.com,1385535540
Norina Dimic,ndimicdg@youku.com,5371489105
Honor Fasset,hfassetdh@acquirethisname.com,4561998955
Judas Stanning,jstanningdi@1und1.de,9046599017
Maggi Melloy,mmelloydj@sphinn.com,8464542430
Loretta Cleever,lcleeverdk@tumblr.com,9374068946
Englebert Probart,eprobartdl@newsvine.com,2374032904
Aland Nelson,anelsondm@rakuten.co.jp,2388172934
Zandra Beevens,zbeevensdn@wordpress.org,5179143325
Martainn Ends,mendsdo@comsenz.com,5986623188
Elmira Scanterbury,escanterburydp@bizjournals.com,6878617076
Yasmin McIlwraith,ymcilwraithdq@bloglovin.com,1309034059
Concettina Dumbarton,cdumbartondr@tinypic.com,8395298156
Shirley Barringer,sbarringerds@godaddy.com,2761414861
Sherie Larrat,slarratdt@hao123.com,7068263680
Enid Whilde,ewhildedu@altervista.org,8557493889
Osmund Henker,ohenkerdv@phpbb.com,8757406995